CustomerID,Name,Email,JoinDate,LastPurchaseDate
CUST00001,Customer 1,customer1@example.com,2023-08-18,2024-11-19
CUST00002,Customer 2,customer2@example.com,2023-05-18,2024-07-07
CUST00003,Customer 3,customer3@example.com,2023-03-29,2024-02-27
CUST00004,Customer 4,customer4@example.com,2023-05-15,2024-08-08
CUST00005,Customer 5,customer5@example.com,2023-01-31,2024-11-11
CUST00006,Customer 6,customer6@example.com,2024-05-18,2024-06-05
CUST00007,Customer 7,customer7@example.com,2024-02-25,2024-06-24
CUST00008,Customer 8,customer8@example.com,2023-10-28,2024-09-20
CUST00009,Customer 9,customer9@example.com,2024-05-31,2024-08-31
CUST00010,Customer 10,customer10@example.com,2023-09-18,2024-06-05
CUST00011,Customer 11,customer11@example.com,2024-12-06,2024-12-11
CUST00012,Customer 12,customer12@example.com,2023-03-02,2023-06-06
CUST00013,Customer 13,customer13@example.com,2023-03-25,2023-07-09
CUST00014,Customer 14,customer14@example.com,2024-10-06,2024-10-27
CUST00015,Customer 15,customer15@example.com,2024-08-11,2024-09-12
CUST00016,Customer 16,customer16@example.com,2023-01-18,2024-10-03
CUST00017,Customer 17,customer17@example.com,2023-02-09,2024-09-30
CUST00018,Customer 18,customer18@example.com,2024-05-13,2024-10-14
CUST00019,Customer 19,customer19@example.com,2023-08-20,2023-12-18
CUST00020,Customer 20,customer20@example.com,2023-07-17,2024-03-10
CUST00021,Customer 21,customer21@example.com,2024-11-26,2024-12-01
CUST00022,Customer 22,customer22@example.com,2023-08-05,2024-02-26
CUST00023,Customer 23,customer23@example.com,2024-11-27,2024-12-06
CUST00024,Customer 24,customer24@example.com,2023-04-26,2023-11-28
CUST00025,Customer 25,customer25@example.com,2024-10-21,2024-11-18
CUST00026,Customer 26,customer26@example.com,2024-06-03,2024-06-17
CUST00027,Customer 27,customer27@example.com,2023-03-15,2024-11-11
CUST00028,Customer 28,customer28@example.com,2024-07-23,2024-11-18
CUST00029,Customer 29,customer29@example.com,2023-02-23,2024-11-28
CUST00030,Customer 30,customer30@example.com,2024-12-01,2024-12-16
CUST00031,Customer 31,customer31@example.com,2024-05-27,2024-12-27
CUST00032,Customer 32,customer32@example.com,2023-05-18,2023-12-20
CUST00033,Customer 33,customer33@example.com,2023-02-27,2023-10-26
CUST00034,Customer 34,customer34@example.com,2024-08-30,2024-11-20
CUST00035,Customer 35,customer35@example.com,2024-08-03,2024-08-05
CUST00036,Customer 36,customer36@example.com,2024-06-23,2024-08-08
CUST00037,Customer 37,customer37@example.com,2023-03-12,2024-04-11
CUST00038,Customer 38,customer38@example.com,2023-03-06,2023-09-03
CUST00039,Customer 39,customer39@example.com,2023-07-21,2024-06-13
CUST00040,Customer 40,customer40@example.com,2024-04-01,2024-04-17
CUST00041,Customer 41,customer41@example.com,2024-04-10,2024-05-17
CUST00042,Customer 42,customer42@example.com,2024-02-13,2024-06-04
CUST00043,Customer 43,customer43@example.com,2024-09-03,2024-10-01
CUST00044,Customer 44,customer44@example.com,2023-07-05,2024-08-08
CUST00045,Customer 45,customer45@example.com,2023-10-18,2024-02-02
CUST00046,Customer 46,customer46@example.com,2024-12-24,2024-12-27
CUST00047,Customer 47,customer47@example.com,2023-10-19,2024-12-11
CUST00048,Customer 48,customer48@example.com,2024-09-20,2024-11-27
CUST00049,Customer 49,customer49@example.com,2024-01-13,2024-07-10
CUST00050,Customer 50,customer50@example.com,2024-06-02,2024-12-11
CUST00051,Customer 51,customer51@example.com,2024-07-25,2024-09-15
CUST00052,Customer 52,customer52@example.com,2023-03-23,2024-04-01
CUST00053,Customer 53,customer53@example.com,2024-01-18,2024-09-22
CUST00054,Customer 54,customer54@example.com,2023-01-21,2023-04-25
CUST00055,Customer 55,customer55@example.com,2024-08-30,2024-11-11
CUST00056,Customer 56,customer56@example.com,2024-12-08,2024-12-22
CUST00057,Customer 57,customer57@example.com,2023-06-20,2024-01-28
CUST00058,Customer 58,customer58@example.com,2023-12-31,2024-09-06
CUST00059,Customer 59,customer59@example.com,2024-08-29,2024-10-29
CUST00060,Customer 60,customer60@example.com,2024-06-26,2024-08-20
CUST00061,Customer 61,customer61@example.com,2023-01-22,2023-02-13
CUST00062,Customer 62,customer62@example.com,2023-08-19,2024-09-07
CUST00063,Customer 63,customer63@example.com,2023-01-02,2024-05-24
CUST00064,Customer 64,customer64@example.com,2023-04-03,2024-08-08
CUST00065,Customer 65,customer65@example.com,2024-11-24,2024-11-24
CUST00066,Customer 66,customer66@example.com,2023-04-24,2023-11-22
CUST00067,Customer 67,customer67@example.com,2023-09-28,2023-12-12
CUST00068,Customer 68,customer68@example.com,2023-10-23,2024-04-15
CUST00069,Customer 69,customer69@example.com,2023-09-09,2024-05-12
CUST00070,Customer 70,customer70@example.com,2024-09-19,2024-10-31
CUST00071,Customer 71,customer71@example.com,2023-10-07,2024-02-20
CUST00072,Customer 72,customer72@example.com,2024-02-05,2024-11-07
CUST00073,Customer 73,customer73@example.com,2024-04-20,2024-08-25
CUST00074,Customer 74,customer74@example.com,2023-10-06,2023-11-11
CUST00075,Customer 75,customer75@example.com,2024-04-18,2024-07-26
CUST00076,Customer 76,customer76@example.com,2024-09-07,2024-09-27
CUST00077,Customer 77,customer77@example.com,2024-02-26,2024-05-23
CUST00078,Customer 78,customer78@example.com,2023-11-07,2024-12-04
CUST00079,Customer 79,customer79@example.com,2023-04-17,2024-01-27
CUST00080,Customer 80,customer80@example.com,2023-02-18,2024-06-25
CUST00081,Customer 81,customer81@example.com,2024-05-07,2024-08-08
CUST00082,Customer 82,customer82@example.com,2024-07-15,2024-10-02
CUST00083,Customer 83,customer83@example.com,2023-02-26,2024-06-13
CUST00084,Customer 84,customer84@example.com,2024-02-24,2024-02-24
CUST00085,Customer 85,customer85@example.com,2023-09-05,2023-12-21
CUST00086,Customer 86,customer86@example.com,2023-10-25,2024-05-31
CUST00087,Customer 87,customer87@example.com,2024-09-15,2024-10-16
CUST00088,Customer 88,customer88@example.com,2024-01-03,2024-04-03
CUST00089,Customer 89,customer89@example.com,2024-08-24,2024-12-26
CUST00090,Customer 90,customer90@example.com,2024-10-12,2024-10-24
CUST00091,Customer 91,customer91@example.com,2023-09-06,2024-02-04
CUST00092,Customer 92,customer92@example.com,2024-08-02,2024-12-08
CUST00093,Customer 93,customer93@example.com,2024-09-30,2024-11-09
CUST00094,Customer 94,customer94@example.com,2023-09-15,2023-10-10
CUST00095,Customer 95,customer95@example.com,2024-01-12,2024-10-25
CUST00096,Customer 96,customer96@example.com,2024-12-30,2024-12-30
CUST00097,Customer 97,customer97@example.com,2023-05-29,2023-11-13
CUST00098,Customer 98,customer98@example.com,2023-11-08,2024-11-05
CUST00099,Customer 99,customer99@example.com,2024-06-08,2024-09-28
CUST00100,Customer 100,customer100@example.com,2024-08-31,2024-12-14
CUST00101,Customer 101,customer101@example.com,2024-07-18,2024-08-05
CUST00102,Customer 102,customer102@example.com,2023-04-03,2023-06-02
CUST00103,Customer 103,customer103@example.com,2024-08-24,2024-11-16
CUST00104,Customer 104,customer104@example.com,2023-02-04,2024-12-11
CUST00105,Customer 105,customer105@example.com,2024-03-31,2024-05-27
CUST00106,Customer 106,customer106@example.com,2023-09-13,2024-01-24
CUST00107,Customer 107,customer107@example.com,2023-03-01,2023-06-29
CUST00108,Customer 108,customer108@example.com,2023-01-01,2024-11-14
CUST00109,Customer 109,customer109@example.com,2024-03-17,2024-07-15
CUST00110,Customer 110,customer110@example.com,2024-02-11,2024-05-28
CUST00111,Customer 111,customer111@example.com,2024-06-06,2024-06-28
CUST00112,Customer 112,customer112@example.com,2023-09-07,2024-06-07
CUST00113,Customer 113,customer113@example.com,2024-03-24,2024-07-30
CUST00114,Customer 114,customer114@example.com,2024-07-31,2024-10-05
CUST00115,Customer 115,customer115@example.com,2024-06-23,2024-10-03
CUST00116,Customer 116,customer116@example.com,2023-11-08,2023-11-23
CUST00117,Customer 117,customer117@example.com,2023-01-21,2023-12-22
CUST00118,Customer 118,customer118@example.com,2023-09-16,2024-06-21
CUST00119,Customer 119,customer119@example.com,2024-07-29,2024-09-13
CUST00120,Customer 120,customer120@example.com,2024-04-21,2024-07-28
CUST00121,Customer 121,customer121@example.com,2024-08-04,2024-09-01
CUST00122,Customer 122,customer122@example.com,2023-08-30,2024-10-07
CUST00123,Customer 123,customer123@example.com,2023-09-20,2023-11-05
CUST00124,Customer 124,customer124@example.com,2023-06-26,2024-11-14
CUST00125,Customer 125,customer125@example.com,2024-07-14,2024-11-30
CUST00126,Customer 126,customer126@example.com,2023-03-15,2024-05-09
CUST00127,Customer 127,customer127@example.com,2023-11-30,2024-03-08
CUST00128,Customer 128,customer128@example.com,2024-12-03,2024-12-07
CUST00129,Customer 129,customer129@example.com,2024-03-28,2024-04-02
CUST00130,Customer 130,customer130@example.com,2023-03-10,2024-08-26
CUST00131,Customer 131,customer131@example.com,2024-05-06,2024-09-19
CUST00132,Customer 132,customer132@example.com,2024-05-26,2024-08-02
CUST00133,Customer 133,customer133@example.com,2024-02-22,2024-07-15
CUST00134,Customer 134,customer134@example.com,2023-10-22,2024-07-03
CUST00135,Customer 135,customer135@example.com,2023-11-10,2024-04-15
CUST00136,Customer 136,customer136@example.com,2024-01-05,2024-04-11
CUST00137,Customer 137,customer137@example.com,2024-10-19,2024-11-15
CUST00138,Customer 138,customer138@example.com,2024-05-16,2024-06-03
CUST00139,Customer 139,customer139@example.com,2024-10-16,2024-12-09
CUST00140,Customer 140,customer140@example.com,2023-07-20,2024-11-17
CUST00141,Customer 141,customer141@example.com,2024-02-26,2024-06-07
CUST00142,Customer 142,customer142@example.com,2023-09-08,2024-06-25
CUST00143,Customer 143,customer143@example.com,2024-03-31,2024-10-01
CUST00144,Customer 144,customer144@example.com,2023-04-23,2023-07-01
CUST00145,Customer 145,customer145@example.com,2024-01-18,2024-06-17
CUST00146,Customer 146,customer146@example.com,2024-12-10,2024-12-21
CUST00147,Customer 147,customer147@example.com,2023-09-22,2024-09-04
CUST00148,Customer 148,customer148@example.com,2023-05-24,2024-10-02
CUST00149,Customer 149,customer149@example.com,2023-08-24,2023-09-30
CUST00150,Customer 150,customer150@example.com,2024-11-11,2024-11-28
CUST00151,Customer 151,customer151@example.com,2023-10-27,2024-03-03
CUST00152,Customer 152,customer152@example.com,2024-02-26,2024-12-04
CUST00153,Customer 153,customer153@example.com,2024-10-20,2024-12-20
CUST00154,Customer 154,customer154@example.com,2023-02-28,2024-02-25
CUST00155,Customer 155,customer155@example.com,2024-06-21,2024-09-05
CUST00156,Customer 156,customer156@example.com,2023-02-24,2023-04-08
CUST00157,Customer 157,customer157@example.com,2023-09-20,2024-06-01
CUST00158,Customer 158,customer158@example.com,2024-04-01,2024-11-12
CUST00159,Customer 159,customer159@example.com,2024-12-11,2024-12-30
CUST00160,Customer 160,customer160@example.com,2023-10-26,2024-12-03
CUST00161,Customer 161,customer161@example.com,2023-06-05,2023-07-05
CUST00162,Customer 162,customer162@example.com,2023-06-17,2023-11-13
CUST00163,Customer 163,customer163@example.com,2024-11-14,2024-11-18
CUST00164,Customer 164,customer164@example.com,2024-10-21,2024-12-21
CUST00165,Customer 165,customer165@example.com,2024-09-29,2024-12-20
CUST00166,Customer 166,customer166@example.com,2023-04-07,2024-07-30
CUST00167,Customer 167,customer167@example.com,2024-11-16,2024-12-09
CUST00168,Customer 168,customer168@example.com,2023-12-24,2024-01-06
CUST00169,Customer 169,customer169@example.com,2023-03-27,2024-01-20
CUST00170,Customer 170,customer170@example.com,2024-05-01,2024-08-24
CUST00171,Customer 171,customer171@example.com,2024-08-20,2024-11-19
CUST00172,Customer 172,customer172@example.com,2024-06-30,2024-12-19
CUST00173,Customer 173,customer173@example.com,2024-07-01,2024-08-16
CUST00174,Customer 174,customer174@example.com,2023-05-20,2023-07-04
CUST00175,Customer 175,customer175@example.com,2023-08-16,2024-05-14
CUST00176,Customer 176,customer176@example.com,2024-04-13,2024-06-03
CUST00177,Customer 177,customer177@example.com,2023-06-03,2024-11-02
CUST00178,Customer 178,customer178@example.com,2023-11-17,2024-06-04
CUST00179,Customer 179,customer179@example.com,2024-03-25,2024-05-01
CUST00180,Customer 180,customer180@example.com,2024-09-17,2024-11-05
CUST00181,Customer 181,customer181@example.com,2023-10-09,2024-07-19
CUST00182,Customer 182,customer182@example.com,2024-06-09,2024-10-14
CUST00183,Customer 183,customer183@example.com,2023-01-11,2023-02-27
CUST00184,Customer 184,customer184@example.com,2024-05-07,2024-09-25
CUST00185,Customer 185,customer185@example.com,2023-01-21,2023-09-07
CUST00186,Customer 186,customer186@example.com,2024-09-02,2024-10-22
CUST00187,Customer 187,customer187@example.com,2024-01-24,2024-07-09
CUST00188,Customer 188,customer188@example.com,2024-07-21,2024-12-05
CUST00189,Customer 189,customer189@example.com,2023-07-04,2023-11-10
CUST00190,Customer 190,customer190@example.com,2024-08-22,2024-12-14
CUST00191,Customer 191,customer191@example.com,2024-06-23,2024-07-01
CUST00192,Customer 192,customer192@example.com,2024-09-30,2024-12-25
CUST00193,Customer 193,customer193@example.com,2023-01-29,2023-07-16
CUST00194,Customer 194,customer194@example.com,2023-04-22,2024-03-28
CUST00195,Customer 195,customer195@example.com,2023-05-11,2023-12-04
CUST00196,Customer 196,customer196@example.com,2024-12-06,2024-12-08
CUST00197,Customer 197,customer197@example.com,2024-04-30,2024-09-02
CUST00198,Customer 198,customer198@example.com,2023-06-14,2024-12-15
CUST00199,Customer 199,customer199@example.com,2024-03-27,2024-07-31
CUST00200,Customer 200,customer200@example.com,2023-07-27,2024-09-06
CUST00201,Customer 201,customer201@example.com,2024-12-25,2024-12-28
CUST00202,Customer 202,customer202@example.com,2023-03-01,2024-11-05
CUST00203,Customer 203,customer203@example.com,2023-10-13,2024-06-17
CUST00204,Customer 204,customer204@example.com,2023-05-24,2023-08-12
CUST00205,Customer 205,customer205@example.com,2023-06-06,2024-12-28
CUST00206,Customer 206,customer206@example.com,2024-12-21,2024-12-27
CUST00207,Customer 207,customer207@example.com,2024-07-30,2024-11-08
CUST00208,Customer 208,customer208@example.com,2023-03-07,2023-09-15
CUST00209,Customer 209,customer209@example.com,2023-08-27,2024-09-30
CUST00210,Customer 210,customer210@example.com,2024-07-30,2024-09-02
CUST00211,Customer 211,customer211@example.com,2024-04-10,2024-09-27
CUST00212,Customer 212,customer212@example.com,2024-02-18,2024-12-18
CUST00213,Customer 213,customer213@example.com,2023-01-13,2024-11-08
CUST00214,Customer 214,customer214@example.com,2024-05-14,2024-09-22
CUST00215,Customer 215,customer215@example.com,2023-08-18,2024-04-09
CUST00216,Customer 216,customer216@example.com,2023-09-05,2023-12-28
CUST00217,Customer 217,customer217@example.com,2024-08-27,2024-10-01
CUST00218,Customer 218,customer218@example.com,2024-01-26,2024-05-29
CUST00219,Customer 219,customer219@example.com,2023-09-27,2024-11-29
CUST00220,Customer 220,customer220@example.com,2023-12-25,2024-03-13
CUST00221,Customer 221,customer221@example.com,2024-07-05,2024-09-10
CUST00222,Customer 222,customer222@example.com,2023-02-21,2024-01-09
CUST00223,Customer 223,customer223@example.com,2024-07-08,2024-09-25
CUST00224,Customer 224,customer224@example.com,2023-10-16,2024-09-08
CUST00225,Customer 225,customer225@example.com,2023-08-19,2024-02-27
CUST00226,Customer 226,customer226@example.com,2024-10-13,2024-12-07
CUST00227,Customer 227,customer227@example.com,2024-12-06,2024-12-20
CUST00228,Customer 228,customer228@example.com,2024-04-19,2024-12-14
CUST00229,Customer 229,customer229@example.com,2023-07-03,2024-11-24
CUST00230,Customer 230,customer230@example.com,2023-06-03,2024-09-10
CUST00231,Customer 231,customer231@example.com,2023-06-02,2024-07-13
CUST00232,Customer 232,customer232@example.com,2024-04-20,2024-12-13
CUST00233,Customer 233,customer233@example.com,2024-11-20,2024-12-16
CUST00234,Customer 234,customer234@example.com,2023-06-17,2024-11-08
CUST00235,Customer 235,customer235@example.com,2023-11-29,2024-06-22
CUST00236,Customer 236,customer236@example.com,2024-11-24,2024-11-27
CUST00237,Customer 237,customer237@example.com,2023-03-09,2023-11-08
CUST00238,Customer 238,customer238@example.com,2024-05-05,2024-07-09
CUST00239,Customer 239,customer239@example.com,2023-08-17,2024-04-16
CUST00240,Customer 240,customer240@example.com,2024-10-28,2024-11-06
CUST00241,Customer 241,customer241@example.com,2023-04-18,2024-04-06
CUST00242,Customer 242,customer242@example.com,2024-03-23,2024-11-07
CUST00243,Customer 243,customer243@example.com,2023-11-19,2024-09-19
CUST00244,Customer 244,customer244@example.com,2023-10-08,2024-06-19
CUST00245,Customer 245,customer245@example.com,2024-12-04,2024-12-17
CUST00246,Customer 246,customer246@example.com,2024-01-07,2024-06-03
CUST00247,Customer 247,customer247@example.com,2023-05-13,2024-09-10
CUST00248,Customer 248,customer248@example.com,2023-05-25,2024-11-08
CUST00249,Customer 249,customer249@example.com,2024-01-04,2024-07-12
CUST00250,Customer 250,customer250@example.com,2024-11-15,2024-12-29
CUST00251,Customer 251,customer251@example.com,2024-09-18,2024-10-23
CUST00252,Customer 252,customer252@example.com,2024-07-09,2024-12-15
CUST00253,Customer 253,customer253@example.com,2023-05-26,2023-12-27
CUST00254,Customer 254,customer254@example.com,2023-10-31,2024-08-29
CUST00255,Customer 255,customer255@example.com,2024-10-25,2024-11-27
CUST00256,Customer 256,customer256@example.com,2023-09-13,2024-08-23
CUST00257,Customer 257,customer257@example.com,2024-11-11,2024-11-20
CUST00258,Customer 258,customer258@example.com,2024-02-21,2024-10-23
CUST00259,Customer 259,customer259@example.com,2023-09-05,2024-12-10
CUST00260,Customer 260,customer260@example.com,2023-05-07,2024-01-04
CUST00261,Customer 261,customer261@example.com,2023-08-20,2024-02-11
CUST00262,Customer 262,customer262@example.com,2023-12-14,2024-07-11
CUST00263,Customer 263,customer263@example.com,2023-01-23,2023-06-28
CUST00264,Customer 264,customer264@example.com,2023-02-25,2024-08-30
CUST00265,Customer 265,customer265@example.com,2024-08-23,2024-11-30
CUST00266,Customer 266,customer266@example.com,2023-12-20,2024-02-07
CUST00267,Customer 267,customer267@example.com,2023-01-14,2024-08-03
CUST00268,Customer 268,customer268@example.com,2023-08-01,2024-09-22
CUST00269,Customer 269,customer269@example.com,2024-07-12,2024-10-20
CUST00270,Customer 270,customer270@example.com,2023-04-24,2024-10-31
CUST00271,Customer 271,customer271@example.com,2024-05-18,2024-09-24
CUST00272,Customer 272,customer272@example.com,2023-08-18,2024-02-22
CUST00273,Customer 273,customer273@example.com,2024-09-21,2024-10-09
CUST00274,Customer 274,customer274@example.com,2023-12-28,2024-05-18
CUST00275,Customer 275,customer275@example.com,2023-12-27,2024-02-10
CUST00276,Customer 276,customer276@example.com,2023-04-09,2024-07-20
CUST00277,Customer 277,customer277@example.com,2023-03-11,2024-02-18
CUST00278,Customer 278,customer278@example.com,2024-06-24,2024-09-10
CUST00279,Customer 279,customer279@example.com,2023-09-12,2024-04-22
CUST00280,Customer 280,customer280@example.com,2024-05-10,2024-09-25
CUST00281,Customer 281,customer281@example.com,2023-12-13,2024-07-30
CUST00282,Customer 282,customer282@example.com,2024-05-08,2024-09-14
CUST00283,Customer 283,customer283@example.com,2024-01-08,2024-09-28
CUST00284,Customer 284,customer284@example.com,2024-05-19,2024-07-30
CUST00285,Customer 285,customer285@example.com,2024-10-27,2024-12-13
CUST00286,Customer 286,customer286@example.com,2023-08-19,2024-06-05
CUST00287,Customer 287,customer287@example.com,2024-05-09,2024-11-29
CUST00288,Customer 288,customer288@example.com,2023-07-11,2023-09-16
CUST00289,Customer 289,customer289@example.com,2024-10-12,2024-12-08
CUST00290,Customer 290,customer290@example.com,2024-05-10,2024-07-08
CUST00291,Customer 291,customer291@example.com,2023-12-23,2024-05-24
CUST00292,Customer 292,customer292@example.com,2023-06-11,2024-09-02
CUST00293,Customer 293,customer293@example.com,2023-05-09,2024-04-15
CUST00294,Customer 294,customer294@example.com,2023-02-24,2024-01-13
CUST00295,Customer 295,customer295@example.com,2024-01-27,2024-07-13
CUST00296,Customer 296,customer296@example.com,2024-02-12,2024-02-17
CUST00297,Customer 297,customer297@example.com,2023-06-14,2024-04-11
CUST00298,Customer 298,customer298@example.com,2023-07-16,2024-03-20
CUST00299,Customer 299,customer299@example.com,2023-06-29,2024-06-11
CUST00300,Customer 300,customer300@example.com,2023-11-19,2024-09-05
CUST00301,Customer 301,customer301@example.com,2024-10-16,2024-11-22
CUST00302,Customer 302,customer302@example.com,2024-05-06,2024-07-07
CUST00303,Customer 303,customer303@example.com,2024-01-02,2024-12-17
CUST00304,Customer 304,customer304@example.com,2024-11-14,2024-11-29
CUST00305,Customer 305,customer305@example.com,2024-04-01,2024-07-15
CUST00306,Customer 306,customer306@example.com,2023-04-28,2023-12-29
CUST00307,Customer 307,customer307@example.com,2023-11-01,2024-12-12
CUST00308,Customer 308,customer308@example.com,2023-07-12,2024-08-13
CUST00309,Customer 309,customer309@example.com,2023-11-13,2024-12-15
CUST00310,Customer 310,customer310@example.com,2023-08-03,2023-09-27
CUST00311,Customer 311,customer311@example.com,2023-06-25,2024-09-15
CUST00312,Customer 312,customer312@example.com,2024-01-18,2024-04-07
CUST00313,Customer 313,customer313@example.com,2024-04-29,2024-12-19
CUST00314,Customer 314,customer314@example.com,2023-02-16,2023-09-11
CUST00315,Customer 315,customer315@example.com,2023-08-25,2024-11-21
CUST00316,Customer 316,customer316@example.com,2023-06-29,2024-06-17
CUST00317,Customer 317,customer317@example.com,2023-11-16,2024-08-13
CUST00318,Customer 318,customer318@example.com,2024-01-15,2024-01-21
CUST00319,Customer 319,customer319@example.com,2023-10-28,2024-07-24
CUST00320,Customer 320,customer320@example.com,2023-12-07,2024-10-22
CUST00321,Customer 321,customer321@example.com,2023-06-24,2024-01-25
CUST00322,Customer 322,customer322@example.com,2023-01-04,2023-03-26
CUST00323,Customer 323,customer323@example.com,2024-01-25,2024-07-26
CUST00324,Customer 324,customer324@example.com,2023-12-10,2024-01-08
CUST00325,Customer 325,customer325@example.com,2023-02-01,2023-04-29
CUST00326,Customer 326,customer326@example.com,2023-03-11,2023-04-25
CUST00327,Customer 327,customer327@example.com,2024-10-26,2024-11-26
CUST00328,Customer 328,customer328@example.com,2023-09-23,2024-12-23
CUST00329,Customer 329,customer329@example.com,2023-01-02,2023-04-18
CUST00330,Customer 330,customer330@example.com,2023-12-12,2023-12-29
CUST00331,Customer 331,customer331@example.com,2023-01-13,2024-10-27
CUST00332,Customer 332,customer332@example.com,2024-09-25,2024-12-20
CUST00333,Customer 333,customer333@example.com,2023-08-23,2024-05-10
CUST00334,Customer 334,customer334@example.com,2023-03-16,2023-07-27
CUST00335,Customer 335,customer335@example.com,2023-09-15,2024-03-28
CUST00336,Customer 336,customer336@example.com,2024-06-21,2024-11-06
CUST00337,Customer 337,customer337@example.com,2024-06-25,2024-09-10
CUST00338,Customer 338,customer338@example.com,2024-03-15,2024-06-16
CUST00339,Customer 339,customer339@example.com,2024-05-10,2024-09-18
CUST00340,Customer 340,customer340@example.com,2023-06-21,2024-05-06
CUST00341,Customer 341,customer341@example.com,2024-10-04,2024-10-06
CUST00342,Customer 342,customer342@example.com,2023-12-30,2024-04-04
CUST00343,Customer 343,customer343@example.com,2023-05-21,2024-10-01
CUST00344,Customer 344,customer344@example.com,2023-04-05,2023-12-22
CUST00345,Customer 345,customer345@example.com,2023-08-16,2023-09-05
CUST00346,Customer 346,customer346@example.com,2024-10-13,2024-12-04
CUST00347,Customer 347,customer347@example.com,2024-08-13,2024-11-21
CUST00348,Customer 348,customer348@example.com,2024-08-30,2024-12-13
CUST00349,Customer 349,customer349@example.com,2023-11-30,2024-04-04
CUST00350,Customer 350,customer350@example.com,2024-08-25,2024-09-08
CUST00351,Customer 351,customer351@example.com,2024-01-20,2024-05-02
CUST00352,Customer 352,customer352@example.com,2024-09-15,2024-10-15
CUST00353,Customer 353,customer353@example.com,2024-09-02,2024-09-07
CUST00354,Customer 354,customer354@example.com,2024-11-02,2024-11-25
CUST00355,Customer 355,customer355@example.com,2023-01-02,2023-11-17
CUST00356,Customer 356,customer356@example.com,2023-01-10,2024-03-18
CUST00357,Customer 357,customer357@example.com,2024-02-02,2024-08-15
CUST00358,Customer 358,customer358@example.com,2023-03-17,2023-10-26
CUST00359,Customer 359,customer359@example.com,2023-02-25,2024-06-11
CUST00360,Customer 360,customer360@example.com,2024-02-08,2024-03-27
CUST00361,Customer 361,customer361@example.com,2023-08-19,2024-09-09
CUST00362,Customer 362,customer362@example.com,2023-09-21,2024-09-02
CUST00363,Customer 363,customer363@example.com,2024-10-22,2024-11-13
CUST00364,Customer 364,customer364@example.com,2024-01-01,2024-03-06
CUST00365,Customer 365,customer365@example.com,2024-12-25,2024-12-28
CUST00366,Customer 366,customer366@example.com,2023-05-18,2023-11-02
CUST00367,Customer 367,customer367@example.com,2024-09-26,2024-10-22
CUST00368,Customer 368,customer368@example.com,2023-10-31,2023-12-30
CUST00369,Customer 369,customer369@example.com,2023-09-18,2024-10-18
CUST00370,Customer 370,customer370@example.com,2024-10-13,2024-10-21
CUST00371,Customer 371,customer371@example.com,2023-09-15,2024-02-24
CUST00372,Customer 372,customer372@example.com,2023-01-06,2024-05-10
CUST00373,Customer 373,customer373@example.com,2024-09-10,2024-11-25
CUST00374,Customer 374,customer374@example.com,2023-08-02,2024-05-20
CUST00375,Customer 375,customer375@example.com,2024-05-10,2024-10-02
CUST00376,Customer 376,customer376@example.com,2023-09-13,2024-06-24
CUST00377,Customer 377,customer377@example.com,2024-04-23,2024-09-06
CUST00378,Customer 378,customer378@example.com,2023-01-20,2024-04-21
CUST00379,Customer 379,customer379@example.com,2023-06-04,2024-02-02
CUST00380,Customer 380,customer380@example.com,2024-04-18,2024-12-13
CUST00381,Customer 381,customer381@example.com,2024-02-23,2024-06-22
CUST00382,Customer 382,customer382@example.com,2024-01-19,2024-02-18
CUST00383,Customer 383,customer383@example.com,2024-01-07,2024-04-01
CUST00384,Customer 384,customer384@example.com,2023-03-07,2024-07-06
CUST00385,Customer 385,customer385@example.com,2023-11-10,2024-02-10
CUST00386,Customer 386,customer386@example.com,2024-06-12,2024-12-03
CUST00387,Customer 387,customer387@example.com,2024-02-13,2024-04-16
CUST00388,Customer 388,customer388@example.com,2024-05-23,2024-12-12
CUST00389,Customer 389,customer389@example.com,2024-04-20,2024-11-03
CUST00390,Customer 390,customer390@example.com,2024-06-26,2024-07-01
CUST00391,Customer 391,customer391@example.com,2023-09-10,2023-09-21
CUST00392,Customer 392,customer392@example.com,2024-04-02,2024-04-28
CUST00393,Customer 393,customer393@example.com,2023-09-21,2024-10-08
CUST00394,Customer 394,customer394@example.com,2023-02-12,2023-05-04
CUST00395,Customer 395,customer395@example.com,2024-09-23,2024-12-18
CUST00396,Customer 396,customer396@example.com,2024-04-05,2024-07-27
CUST00397,Customer 397,customer397@example.com,2023-08-09,2024-11-08
CUST00398,Customer 398,customer398@example.com,2024-10-02,2024-10-30
CUST00399,Customer 399,customer399@example.com,2024-02-26,2024-10-25
CUST00400,Customer 400,customer400@example.com,2024-12-28,2024-12-30
CUST00401,Customer 401,customer401@example.com,2024-12-16,2024-12-29
CUST00402,Customer 402,customer402@example.com,2024-04-17,2024-07-25
CUST00403,Customer 403,customer403@example.com,2023-08-13,2024-12-04
CUST00404,Customer 404,customer404@example.com,2023-09-15,2024-11-03
CUST00405,Customer 405,customer405@example.com,2024-11-09,2024-12-03
CUST00406,Customer 406,customer406@example.com,2023-10-29,2024-02-03
CUST00407,Customer 407,customer407@example.com,2023-05-06,2023-12-19
CUST00408,Customer 408,customer408@example.com,2024-03-17,2024-05-25
CUST00409,Customer 409,customer409@example.com,2024-09-20,2024-12-10
CUST00410,Customer 410,customer410@example.com,2024-10-27,2024-12-06
CUST00411,Customer 411,customer411@example.com,2024-02-09,2024-10-03
CUST00412,Customer 412,customer412@example.com,2023-03-31,2024-02-02
CUST00413,Customer 413,customer413@example.com,2023-08-21,2024-09-01
CUST00414,Customer 414,customer414@example.com,2023-11-04,2024-01-22
CUST00415,Customer 415,customer415@example.com,2023-08-30,2024-05-22
CUST00416,Customer 416,customer416@example.com,2024-06-27,2024-07-15
CUST00417,Customer 417,customer417@example.com,2023-02-27,2024-07-16
CUST00418,Customer 418,customer418@example.com,2024-09-03,2024-10-05
CUST00419,Customer 419,customer419@example.com,2023-12-30,2024-10-07
CUST00420,Customer 420,customer420@example.com,2023-06-23,2024-02-25
CUST00421,Customer 421,customer421@example.com,2024-03-13,2024-04-12
CUST00422,Customer 422,customer422@example.com,2024-02-16,2024-03-25
CUST00423,Customer 423,customer423@example.com,2023-10-25,2024-05-15
CUST00424,Customer 424,customer424@example.com,2023-06-07,2024-10-10
CUST00425,Customer 425,customer425@example.com,2023-09-12,2023-11-18
CUST00426,Customer 426,customer426@example.com,2024-10-07,2024-12-11
CUST00427,Customer 427,customer427@example.com,2024-03-17,2024-09-11
CUST00428,Customer 428,customer428@example.com,2023-10-09,2024-10-09
CUST00429,Customer 429,customer429@example.com,2024-06-10,2024-10-09
CUST00430,Customer 430,customer430@example.com,2024-08-22,2024-12-29
CUST00431,Customer 431,customer431@example.com,2024-05-22,2024-08-02
CUST00432,Customer 432,customer432@example.com,2024-10-04,2024-10-26
CUST00433,Customer 433,customer433@example.com,2023-07-20,2024-09-24
CUST00434,Customer 434,customer434@example.com,2024-05-17,2024-09-27
CUST00435,Customer 435,customer435@example.com,2023-04-06,2024-11-29
CUST00436,Customer 436,customer436@example.com,2023-11-05,2023-12-29
CUST00437,Customer 437,customer437@example.com,2023-03-19,2024-07-02
CUST00438,Customer 438,customer438@example.com,2023-08-01,2024-02-19
CUST00439,Customer 439,customer439@example.com,2024-08-08,2024-12-03
CUST00440,Customer 440,customer440@example.com,2024-08-28,2024-11-09
CUST00441,Customer 441,customer441@example.com,2024-04-13,2024-08-20
CUST00442,Customer 442,customer442@example.com,2024-11-11,2024-11-16
CUST00443,Customer 443,customer443@example.com,2024-10-04,2024-10-06
CUST00444,Customer 444,customer444@example.com,2024-05-05,2024-09-10
CUST00445,Customer 445,customer445@example.com,2024-06-08,2024-06-20
CUST00446,Customer 446,customer446@example.com,2023-02-18,2023-11-20
CUST00447,Customer 447,customer447@example.com,2023-11-24,2023-12-07
CUST00448,Customer 448,customer448@example.com,2024-01-07,2024-11-16
CUST00449,Customer 449,customer449@example.com,2023-07-15,2024-12-27
CUST00450,Customer 450,customer450@example.com,2024-07-28,2024-08-22
CUST00451,Customer 451,customer451@example.com,2023-04-10,2024-05-07
CUST00452,Customer 452,customer452@example.com,2023-07-02,2024-04-22
CUST00453,Customer 453,customer453@example.com,2023-07-13,2024-03-31
CUST00454,Customer 454,customer454@example.com,2024-10-30,2024-11-03
CUST00455,Customer 455,customer455@example.com,2024-09-03,2024-09-26
CUST00456,Customer 456,customer456@example.com,2024-02-23,2024-03-16
CUST00457,Customer 457,customer457@example.com,2024-10-12,2024-11-08
CUST00458,Customer 458,customer458@example.com,2024-04-16,2024-07-04
CUST00459,Customer 459,customer459@example.com,2023-10-08,2024-08-16
CUST00460,Customer 460,customer460@example.com,2024-01-27,2024-11-29
CUST00461,Customer 461,customer461@example.com,2024-10-05,2024-12-26
CUST00462,Customer 462,customer462@example.com,2024-02-21,2024-05-11
CUST00463,Customer 463,customer463@example.com,2024-10-11,2024-11-29
CUST00464,Customer 464,customer464@example.com,2023-08-24,2024-08-26
CUST00465,Customer 465,customer465@example.com,2024-01-16,2024-07-16
CUST00466,Customer 466,customer466@example.com,2023-04-23,2024-08-25
CUST00467,Customer 467,customer467@example.com,2023-11-28,2024-06-06
CUST00468,Customer 468,customer468@example.com,2023-05-05,2023-06-02
CUST00469,Customer 469,customer469@example.com,2023-10-23,2024-12-13
CUST00470,Customer 470,customer470@example.com,2024-05-01,2024-12-12
CUST00471,Customer 471,customer471@example.com,2024-07-22,2024-11-08
CUST00472,Customer 472,customer472@example.com,2024-04-28,2024-10-31
CUST00473,Customer 473,customer473@example.com,2024-11-03,2024-11-29
CUST00474,Customer 474,customer474@example.com,2023-09-23,2023-11-15
CUST00475,Customer 475,customer475@example.com,2023-10-07,2024-10-16
CUST00476,Customer 476,customer476@example.com,2023-10-29,2024-02-10
CUST00477,Customer 477,customer477@example.com,2023-10-25,2024-01-09
CUST00478,Customer 478,customer478@example.com,2024-03-29,2024-08-09
CUST00479,Customer 479,customer479@example.com,2023-09-27,2023-11-28
CUST00480,Customer 480,customer480@example.com,2024-09-15,2024-12-02
CUST00481,Customer 481,customer481@example.com,2023-05-16,2024-10-01
CUST00482,Customer 482,customer482@example.com,2023-05-27,2024-01-27
CUST00483,Customer 483,customer483@example.com,2024-12-01,2024-12-13
CUST00484,Customer 484,customer484@example.com,2024-05-04,2024-11-14
CUST00485,Customer 485,customer485@example.com,2024-12-21,2024-12-25
CUST00486,Customer 486,customer486@example.com,2023-09-02,2023-10-23
CUST00487,Customer 487,customer487@example.com,2023-07-22,2024-05-29
CUST00488,Customer 488,customer488@example.com,2023-03-24,2023-10-29
CUST00489,Customer 489,customer489@example.com,2023-04-30,2023-09-04
CUST00490,Customer 490,customer490@example.com,2023-04-27,2024-08-02
CUST00491,Customer 491,customer491@example.com,2024-08-13,2024-10-10
CUST00492,Customer 492,customer492@example.com,2024-08-06,2024-08-09
CUST00493,Customer 493,customer493@example.com,2024-10-07,2024-10-24
CUST00494,Customer 494,customer494@example.com,2023-04-02,2023-08-18
CUST00495,Customer 495,customer495@example.com,2023-10-30,2024-03-03
CUST00496,Customer 496,customer496@example.com,2024-02-05,2024-04-07
CUST00497,Customer 497,customer497@example.com,2024-10-25,2024-12-23
CUST00498,Customer 498,customer498@example.com,2023-03-24,2023-05-19
CUST00499,Customer 499,customer499@example.com,2024-01-10,2024-09-14
CUST00500,Customer 500,customer500@example.com,2023-10-08,2023-12-23
CUST00501,Customer 501,customer501@example.com,2023-12-23,2024-01-28
CUST00502,Customer 502,customer502@example.com,2023-05-21,2024-02-17
CUST00503,Customer 503,customer503@example.com,2024-05-10,2024-09-11
CUST00504,Customer 504,customer504@example.com,2024-10-26,2024-11-13
CUST00505,Customer 505,customer505@example.com,2023-11-13,2024-08-02
CUST00506,Customer 506,customer506@example.com,2024-06-12,2024-12-24
CUST00507,Customer 507,customer507@example.com,2023-01-05,2024-04-07
CUST00508,Customer 508,customer508@example.com,2023-12-26,2023-12-26
CUST00509,Customer 509,customer509@example.com,2023-01-31,2023-08-21
CUST00510,Customer 510,customer510@example.com,2024-06-21,2024-12-30
CUST00511,Customer 511,customer511@example.com,2023-01-20,2024-09-24
CUST00512,Customer 512,customer512@example.com,2024-09-20,2024-11-27
CUST00513,Customer 513,customer513@example.com,2024-04-24,2024-12-27
CUST00514,Customer 514,customer514@example.com,2023-12-14,2024-06-10
CUST00515,Customer 515,customer515@example.com,2024-01-13,2024-02-23
CUST00516,Customer 516,customer516@example.com,2024-04-10,2024-12-05
CUST00517,Customer 517,customer517@example.com,2023-10-31,2024-06-20
CUST00518,Customer 518,customer518@example.com,2023-05-22,2024-03-30
CUST00519,Customer 519,customer519@example.com,2024-04-03,2024-09-23
CUST00520,Customer 520,customer520@example.com,2023-03-09,2024-10-11
CUST00521,Customer 521,customer521@example.com,2023-12-30,2024-02-19
CUST00522,Customer 522,customer522@example.com,2023-04-20,2023-07-16
CUST00523,Customer 523,customer523@example.com,2023-12-30,2024-05-14
CUST00524,Customer 524,customer524@example.com,2024-05-11,2024-11-20
CUST00525,Customer 525,customer525@example.com,2023-08-26,2023-12-03
CUST00526,Customer 526,customer526@example.com,2023-10-22,2024-12-22
CUST00527,Customer 527,customer527@example.com,2024-01-19,2024-06-12
CUST00528,Customer 528,customer528@example.com,2023-09-02,2024-04-20
CUST00529,Customer 529,customer529@example.com,2024-04-10,2024-05-03
CUST00530,Customer 530,customer530@example.com,2024-08-25,2024-11-16
CUST00531,Customer 531,customer531@example.com,2023-02-08,2023-10-17
CUST00532,Customer 532,customer532@example.com,2023-02-01,2023-02-12
CUST00533,Customer 533,customer533@example.com,2023-07-05,2024-06-25
CUST00534,Customer 534,customer534@example.com,2024-03-10,2024-10-26
CUST00535,Customer 535,customer535@example.com,2024-11-21,2024-12-24
CUST00536,Customer 536,customer536@example.com,2024-08-15,2024-11-07
CUST00537,Customer 537,customer537@example.com,2024-06-08,2024-11-19
CUST00538,Customer 538,customer538@example.com,2023-04-10,2023-05-10
CUST00539,Customer 539,customer539@example.com,2023-03-07,2024-04-19
CUST00540,Customer 540,customer540@example.com,2024-08-22,2024-12-06
CUST00541,Customer 541,customer541@example.com,2023-02-28,2024-11-26
CUST00542,Customer 542,customer542@example.com,2023-12-10,2024-09-14
CUST00543,Customer 543,customer543@example.com,2023-03-30,2024-11-23
CUST00544,Customer 544,customer544@example.com,2024-07-30,2024-11-20
CUST00545,Customer 545,customer545@example.com,2024-11-17,2024-12-01
CUST00546,Customer 546,customer546@example.com,2023-06-28,2024-04-15
CUST00547,Customer 547,customer547@example.com,2024-07-18,2024-12-24
CUST00548,Customer 548,customer548@example.com,2024-03-24,2024-05-11
CUST00549,Customer 549,customer549@example.com,2023-07-28,2024-05-19
CUST00550,Customer 550,customer550@example.com,2023-09-11,2024-02-29
CUST00551,Customer 551,customer551@example.com,2023-07-22,2024-06-14
CUST00552,Customer 552,customer552@example.com,2024-06-03,2024-11-05
CUST00553,Customer 553,customer553@example.com,2024-05-28,2024-10-03
CUST00554,Customer 554,customer554@example.com,2023-04-15,2023-07-11
CUST00555,Customer 555,customer555@example.com,2024-11-18,2024-12-28
CUST00556,Customer 556,customer556@example.com,2024-11-17,2024-12-23
CUST00557,Customer 557,customer557@example.com,2023-12-08,2024-03-09
CUST00558,Customer 558,customer558@example.com,2023-02-20,2024-12-20
CUST00559,Customer 559,customer559@example.com,2023-05-24,2024-11-10
CUST00560,Customer 560,customer560@example.com,2023-10-27,2024-11-09
CUST00561,Customer 561,customer561@example.com,2023-02-25,2023-10-05
CUST00562,Customer 562,customer562@example.com,2024-03-18,2024-03-19
CUST00563,Customer 563,customer563@example.com,2023-09-22,2024-09-24
CUST00564,Customer 564,customer564@example.com,2023-02-27,2023-03-08
CUST00565,Customer 565,customer565@example.com,2023-03-21,2024-09-04
CUST00566,Customer 566,customer566@example.com,2024-07-07,2024-09-08
CUST00567,Customer 567,customer567@example.com,2023-06-27,2024-08-07
CUST00568,Customer 568,customer568@example.com,2024-03-09,2024-05-31
CUST00569,Customer 569,customer569@example.com,2023-04-14,2024-05-03
CUST00570,Customer 570,customer570@example.com,2023-06-03,2024-01-05
CUST00571,Customer 571,customer571@example.com,2023-02-28,2024-02-07
CUST00572,Customer 572,customer572@example.com,2023-07-14,2024-02-13
CUST00573,Customer 573,customer573@example.com,2024-02-06,2024-07-16
CUST00574,Customer 574,customer574@example.com,2023-04-12,2023-06-25
CUST00575,Customer 575,customer575@example.com,2024-07-15,2024-09-15
CUST00576,Customer 576,customer576@example.com,2024-09-10,2024-10-04
CUST00577,Customer 577,customer577@example.com,2024-03-07,2024-11-08
CUST00578,Customer 578,customer578@example.com,2024-11-12,2024-12-09
CUST00579,Customer 579,customer579@example.com,2024-03-09,2024-11-25
CUST00580,Customer 580,customer580@example.com,2024-07-30,2024-10-30
CUST00581,Customer 581,customer581@example.com,2023-08-14,2024-06-20
CUST00582,Customer 582,customer582@example.com,2024-10-14,2024-11-12
CUST00583,Customer 583,customer583@example.com,2024-03-09,2024-11-30
CUST00584,Customer 584,customer584@example.com,2024-12-28,2024-12-29
CUST00585,Customer 585,customer585@example.com,2024-08-08,2024-09-21
CUST00586,Customer 586,customer586@example.com,2024-07-11,2024-12-24
CUST00587,Customer 587,customer587@example.com,2023-04-09,2024-05-10
CUST00588,Customer 588,customer588@example.com,2024-11-02,2024-11-23
CUST00589,Customer 589,customer589@example.com,2023-01-12,2024-02-15
CUST00590,Customer 590,customer590@example.com,2024-07-11,2024-12-18
CUST00591,Customer 591,customer591@example.com,2024-01-31,2024-10-19
CUST00592,Customer 592,customer592@example.com,2023-11-25,2024-07-23
CUST00593,Customer 593,customer593@example.com,2023-03-15,2023-08-09
CUST00594,Customer 594,customer594@example.com,2024-07-16,2024-11-29
CUST00595,Customer 595,customer595@example.com,2023-08-21,2024-05-14
CUST00596,Customer 596,customer596@example.com,2023-07-13,2024-12-02
CUST00597,Customer 597,customer597@example.com,2024-08-01,2024-09-05
CUST00598,Customer 598,customer598@example.com,2024-03-29,2024-12-26
CUST00599,Customer 599,customer599@example.com,2024-03-07,2024-10-31
CUST00600,Customer 600,customer600@example.com,2024-06-25,2024-06-30
CUST00601,Customer 601,customer601@example.com,2023-05-14,2024-05-05
CUST00602,Customer 602,customer602@example.com,2024-10-25,2024-12-22
CUST00603,Customer 603,customer603@example.com,2024-02-11,2024-09-22
CUST00604,Customer 604,customer604@example.com,2024-12-09,2024-12-16
CUST00605,Customer 605,customer605@example.com,2024-09-09,2024-11-09
CUST00606,Customer 606,customer606@example.com,2024-01-18,2024-02-24
CUST00607,Customer 607,customer607@example.com,2024-07-03,2024-09-23
CUST00608,Customer 608,customer608@example.com,2023-09-26,2023-10-28
CUST00609,Customer 609,customer609@example.com,2023-04-30,2024-12-06
CUST00610,Customer 610,customer610@example.com,2023-05-07,2024-09-25
CUST00611,Customer 611,customer611@example.com,2023-04-30,2024-12-19
CUST00612,Customer 612,customer612@example.com,2024-01-20,2024-07-24
CUST00613,Customer 613,customer613@example.com,2023-10-25,2024-01-16
CUST00614,Customer 614,customer614@example.com,2024-06-23,2024-11-27
CUST00615,Customer 615,customer615@example.com,2023-05-26,2024-08-28
CUST00616,Customer 616,customer616@example.com,2024-06-23,2024-06-30
CUST00617,Customer 617,customer617@example.com,2023-05-04,2024-09-04
CUST00618,Customer 618,customer618@example.com,2023-10-14,2023-10-28
CUST00619,Customer 619,customer619@example.com,2023-01-21,2023-08-30
CUST00620,Customer 620,customer620@example.com,2024-05-13,2024-07-20
CUST00621,Customer 621,customer621@example.com,2023-04-10,2023-07-26
CUST00622,Customer 622,customer622@example.com,2023-07-06,2024-07-01
CUST00623,Customer 623,customer623@example.com,2023-01-19,2024-04-19
CUST00624,Customer 624,customer624@example.com,2024-01-01,2024-09-15
CUST00625,Customer 625,customer625@example.com,2023-07-02,2024-01-25
CUST00626,Customer 626,customer626@example.com,2024-12-24,2024-12-27
CUST00627,Customer 627,customer627@example.com,2023-01-28,2024-08-15
CUST00628,Customer 628,customer628@example.com,2024-09-07,2024-11-17
CUST00629,Customer 629,customer629@example.com,2023-09-24,2024-03-20
CUST00630,Customer 630,customer630@example.com,2023-02-06,2023-12-11
CUST00631,Customer 631,customer631@example.com,2024-02-15,2024-06-01
CUST00632,Customer 632,customer632@example.com,2024-12-13,2024-12-19
CUST00633,Customer 633,customer633@example.com,2023-07-03,2024-07-05
CUST00634,Customer 634,customer634@example.com,2024-07-03,2024-08-07
CUST00635,Customer 635,customer635@example.com,2024-04-04,2024-10-12
CUST00636,Customer 636,customer636@example.com,2023-12-19,2024-08-25
CUST00637,Customer 637,customer637@example.com,2024-03-09,2024-07-10
CUST00638,Customer 638,customer638@example.com,2024-05-03,2024-07-25
CUST00639,Customer 639,customer639@example.com,2024-01-09,2024-09-02
CUST00640,Customer 640,customer640@example.com,2023-06-19,2024-10-08
CUST00641,Customer 641,customer641@example.com,2023-12-11,2024-02-16
CUST00642,Customer 642,customer642@example.com,2024-04-17,2024-10-06
CUST00643,Customer 643,customer643@example.com,2023-08-28,2024-05-03
CUST00644,Customer 644,customer644@example.com,2023-03-16,2023-11-06
CUST00645,Customer 645,customer645@example.com,2024-08-06,2024-10-15
CUST00646,Customer 646,customer646@example.com,2024-11-28,2024-12-08
CUST00647,Customer 647,customer647@example.com,2023-08-09,2024-06-16
CUST00648,Customer 648,customer648@example.com,2024-06-01,2024-09-26
CUST00649,Customer 649,customer649@example.com,2024-03-28,2024-10-05
CUST00650,Customer 650,customer650@example.com,2023-01-17,2023-03-21
CUST00651,Customer 651,customer651@example.com,2024-12-25,2024-12-30
CUST00652,Customer 652,customer652@example.com,2024-08-23,2024-12-17
CUST00653,Customer 653,customer653@example.com,2023-11-27,2024-03-05
CUST00654,Customer 654,customer654@example.com,2024-07-24,2024-12-03
CUST00655,Customer 655,customer655@example.com,2023-03-29,2024-12-13
CUST00656,Customer 656,customer656@example.com,2023-09-06,2023-10-23
CUST00657,Customer 657,customer657@example.com,2024-11-05,2024-11-23
CUST00658,Customer 658,customer658@example.com,2024-08-25,2024-10-28
CUST00659,Customer 659,customer659@example.com,2024-10-26,2024-11-18
CUST00660,Customer 660,customer660@example.com,2024-11-10,2024-12-10
CUST00661,Customer 661,customer661@example.com,2024-06-25,2024-07-26
CUST00662,Customer 662,customer662@example.com,2024-07-23,2024-08-16
CUST00663,Customer 663,customer663@example.com,2023-05-30,2024-12-21
CUST00664,Customer 664,customer664@example.com,2024-07-31,2024-10-14
CUST00665,Customer 665,customer665@example.com,2023-11-20,2023-12-20
CUST00666,Customer 666,customer666@example.com,2024-02-20,2024-05-01
CUST00667,Customer 667,customer667@example.com,2023-02-20,2023-04-08
CUST00668,Customer 668,customer668@example.com,2024-12-25,2024-12-30
CUST00669,Customer 669,customer669@example.com,2023-07-15,2023-08-07
CUST00670,Customer 670,customer670@example.com,2023-11-05,2024-05-20
CUST00671,Customer 671,customer671@example.com,2023-06-25,2024-02-08
CUST00672,Customer 672,customer672@example.com,2023-01-15,2023-04-21
CUST00673,Customer 673,customer673@example.com,2024-01-16,2024-05-13
CUST00674,Customer 674,customer674@example.com,2024-08-02,2024-08-23
CUST00675,Customer 675,customer675@example.com,2024-11-03,2024-11-24
CUST00676,Customer 676,customer676@example.com,2023-10-22,2024-03-28
CUST00677,Customer 677,customer677@example.com,2023-09-12,2023-10-22
CUST00678,Customer 678,customer678@example.com,2024-03-16,2024-08-06
CUST00679,Customer 679,customer679@example.com,2024-08-25,2024-09-11
CUST00680,Customer 680,customer680@example.com,2024-11-28,2024-12-02
CUST00681,Customer 681,customer681@example.com,2023-02-27,2024-11-06
CUST00682,Customer 682,customer682@example.com,2023-02-07,2023-04-24
CUST00683,Customer 683,customer683@example.com,2023-11-25,2024-08-19
CUST00684,Customer 684,customer684@example.com,2023-09-09,2023-10-28
CUST00685,Customer 685,customer685@example.com,2023-02-05,2024-06-11
CUST00686,Customer 686,customer686@example.com,2024-04-10,2024-08-13
CUST00687,Customer 687,customer687@example.com,2024-06-02,2024-08-29
CUST00688,Customer 688,customer688@example.com,2024-09-23,2024-12-30
CUST00689,Customer 689,customer689@example.com,2023-04-29,2024-07-11
CUST00690,Customer 690,customer690@example.com,2024-07-09,2024-07-11
CUST00691,Customer 691,customer691@example.com,2023-05-30,2024-11-02
CUST00692,Customer 692,customer692@example.com,2024-01-15,2024-10-28
CUST00693,Customer 693,customer693@example.com,2024-03-26,2024-06-26
CUST00694,Customer 694,customer694@example.com,2023-04-17,2024-11-29
CUST00695,Customer 695,customer695@example.com,2024-11-20,2024-12-30
CUST00696,Customer 696,customer696@example.com,2024-03-20,2024-10-01
CUST00697,Customer 697,customer697@example.com,2024-05-08,2024-07-27
CUST00698,Customer 698,customer698@example.com,2024-08-29,2024-08-29
CUST00699,Customer 699,customer699@example.com,2023-06-06,2023-08-11
CUST00700,Customer 700,customer700@example.com,2024-07-21,2024-07-21
CUST00701,Customer 701,customer701@example.com,2023-05-15,2023-11-20
CUST00702,Customer 702,customer702@example.com,2023-02-03,2023-07-30
CUST00703,Customer 703,customer703@example.com,2024-07-11,2024-09-07
CUST00704,Customer 704,customer704@example.com,2024-01-18,2024-04-10
CUST00705,Customer 705,customer705@example.com,2023-12-18,2024-06-05
CUST00706,Customer 706,customer706@example.com,2023-06-11,2024-10-24
CUST00707,Customer 707,customer707@example.com,2023-07-15,2023-09-30
CUST00708,Customer 708,customer708@example.com,2023-04-27,2024-12-09
CUST00709,Customer 709,customer709@example.com,2023-06-01,2023-11-28
CUST00710,Customer 710,customer710@example.com,2023-11-18,2024-11-10
CUST00711,Customer 711,customer711@example.com,2023-07-29,2024-07-08
CUST00712,Customer 712,customer712@example.com,2023-08-21,2023-10-05
CUST00713,Customer 713,customer713@example.com,2024-04-29,2024-06-03
CUST00714,Customer 714,customer714@example.com,2023-09-28,2024-01-26
CUST00715,Customer 715,customer715@example.com,2023-10-06,2024-10-27
CUST00716,Customer 716,customer716@example.com,2024-03-07,2024-11-19
CUST00717,Customer 717,customer717@example.com,2023-04-15,2023-09-29
CUST00718,Customer 718,customer718@example.com,2023-09-02,2024-05-02
CUST00719,Customer 719,customer719@example.com,2024-02-09,2024-09-28
CUST00720,Customer 720,customer720@example.com,2024-07-21,2024-11-15
CUST00721,Customer 721,customer721@example.com,2024-11-12,2024-12-28
CUST00722,Customer 722,customer722@example.com,2024-05-02,2024-06-13
CUST00723,Customer 723,customer723@example.com,2024-02-23,2024-11-30
CUST00724,Customer 724,customer724@example.com,2023-10-23,2024-04-07
CUST00725,Customer 725,customer725@example.com,2024-02-22,2024-06-03
CUST00726,Customer 726,customer726@example.com,2023-06-09,2023-11-05
CUST00727,Customer 727,customer727@example.com,2023-08-07,2023-10-09
CUST00728,Customer 728,customer728@example.com,2023-08-27,2024-02-25
CUST00729,Customer 729,customer729@example.com,2024-07-05,2024-10-15
CUST00730,Customer 730,customer730@example.com,2023-08-13,2024-12-07
CUST00731,Customer 731,customer731@example.com,2023-02-04,2023-05-26
CUST00732,Customer 732,customer732@example.com,2023-03-20,2024-01-25
CUST00733,Customer 733,customer733@example.com,2024-07-03,2024-09-10
CUST00734,Customer 734,customer734@example.com,2023-06-10,2024-03-08
CUST00735,Customer 735,customer735@example.com,2024-11-23,2024-11-28
CUST00736,Customer 736,customer736@example.com,2024-05-14,2024-08-10
CUST00737,Customer 737,customer737@example.com,2024-03-07,2024-05-23
CUST00738,Customer 738,customer738@example.com,2024-02-27,2024-07-04
CUST00739,Customer 739,customer739@example.com,2024-07-19,2024-08-31
CUST00740,Customer 740,customer740@example.com,2023-12-19,2023-12-23
CUST00741,Customer 741,customer741@example.com,2023-11-27,2024-04-29
CUST00742,Customer 742,customer742@example.com,2023-08-22,2023-11-14
CUST00743,Customer 743,customer743@example.com,2024-08-22,2024-11-17
CUST00744,Customer 744,customer744@example.com,2023-07-20,2024-04-02
CUST00745,Customer 745,customer745@example.com,2024-02-03,2024-07-12
CUST00746,Customer 746,customer746@example.com,2023-10-26,2024-09-29
CUST00747,Customer 747,customer747@example.com,2024-01-19,2024-11-12
CUST00748,Customer 748,customer748@example.com,2024-12-29,2024-12-29
CUST00749,Customer 749,customer749@example.com,2023-04-19,2023-10-03
CUST00750,Customer 750,customer750@example.com,2023-10-07,2024-11-15
CUST00751,Customer 751,customer751@example.com,2024-08-08,2024-08-16
CUST00752,Customer 752,customer752@example.com,2023-02-09,2024-04-29
CUST00753,Customer 753,customer753@example.com,2023-11-18,2024-01-04
CUST00754,Customer 754,customer754@example.com,2024-01-30,2024-12-08
CUST00755,Customer 755,customer755@example.com,2023-02-02,2023-08-09
CUST00756,Customer 756,customer756@example.com,2024-07-02,2024-08-19
CUST00757,Customer 757,customer757@example.com,2023-09-18,2024-11-05
CUST00758,Customer 758,customer758@example.com,2024-05-23,2024-06-07
CUST00759,Customer 759,customer759@example.com,2023-12-21,2024-03-29
CUST00760,Customer 760,customer760@example.com,2024-03-03,2024-08-26
CUST00761,Customer 761,customer761@example.com,2023-05-31,2024-03-18
CUST00762,Customer 762,customer762@example.com,2023-02-08,2023-06-09
CUST00763,Customer 763,customer763@example.com,2023-03-11,2024-02-22
CUST00764,Customer 764,customer764@example.com,2024-10-21,2024-11-01
CUST00765,Customer 765,customer765@example.com,2024-01-11,2024-06-21
CUST00766,Customer 766,customer766@example.com,2023-09-22,2024-08-24
CUST00767,Customer 767,customer767@example.com,2024-01-27,2024-06-23
CUST00768,Customer 768,customer768@example.com,2024-10-09,2024-11-17
CUST00769,Customer 769,customer769@example.com,2023-03-05,2023-12-02
CUST00770,Customer 770,customer770@example.com,2023-07-22,2024-03-30
CUST00771,Customer 771,customer771@example.com,2023-01-07,2024-09-14
CUST00772,Customer 772,customer772@example.com,2023-10-17,2023-10-31
CUST00773,Customer 773,customer773@example.com,2023-09-30,2024-04-16
CUST00774,Customer 774,customer774@example.com,2023-04-11,2023-09-07
CUST00775,Customer 775,customer775@example.com,2023-07-07,2024-08-25
CUST00776,Customer 776,customer776@example.com,2023-12-31,2024-10-14
CUST00777,Customer 777,customer777@example.com,2024-08-28,2024-10-03
CUST00778,Customer 778,customer778@example.com,2024-11-04,2024-12-22
CUST00779,Customer 779,customer779@example.com,2023-06-01,2024-07-28
CUST00780,Customer 780,customer780@example.com,2023-09-18,2023-12-29
CUST00781,Customer 781,customer781@example.com,2023-05-09,2024-05-19
CUST00782,Customer 782,customer782@example.com,2023-11-26,2024-02-06
CUST00783,Customer 783,customer783@example.com,2023-02-02,2024-11-04
CUST00784,Customer 784,customer784@example.com,2024-02-26,2024-05-30
CUST00785,Customer 785,customer785@example.com,2024-01-23,2024-04-07
CUST00786,Customer 786,customer786@example.com,2024-09-22,2024-12-04
CUST00787,Customer 787,customer787@example.com,2024-10-06,2024-12-16
CUST00788,Customer 788,customer788@example.com,2023-02-09,2024-05-10
CUST00789,Customer 789,customer789@example.com,2023-12-16,2024-10-20
CUST00790,Customer 790,customer790@example.com,2023-01-27,2023-03-02
CUST00791,Customer 791,customer791@example.com,2024-07-14,2024-11-03
CUST00792,Customer 792,customer792@example.com,2024-12-04,2024-12-26
CUST00793,Customer 793,customer793@example.com,2023-09-15,2024-10-30
CUST00794,Customer 794,customer794@example.com,2023-05-17,2024-11-27
CUST00795,Customer 795,customer795@example.com,2023-09-13,2024-09-13
CUST00796,Customer 796,customer796@example.com,2024-09-18,2024-11-22
CUST00797,Customer 797,customer797@example.com,2023-06-16,2024-12-28
CUST00798,Customer 798,customer798@example.com,2023-01-23,2024-08-09
CUST00799,Customer 799,customer799@example.com,2024-12-23,2024-12-30
CUST00800,Customer 800,customer800@example.com,2024-11-13,2024-12-01
CUST00801,Customer 801,customer801@example.com,2024-05-02,2024-06-22
CUST00802,Customer 802,customer802@example.com,2024-09-21,2024-10-21
CUST00803,Customer 803,customer803@example.com,2023-07-08,2024-04-09
CUST00804,Customer 804,customer804@example.com,2023-07-23,2024-07-09
CUST00805,Customer 805,customer805@example.com,2024-05-20,2024-09-15
CUST00806,Customer 806,customer806@example.com,2024-06-25,2024-12-30
CUST00807,Customer 807,customer807@example.com,2024-11-02,2024-11-06
CUST00808,Customer 808,customer808@example.com,2023-08-03,2023-09-15
CUST00809,Customer 809,customer809@example.com,2024-07-29,2024-12-07
CUST00810,Customer 810,customer810@example.com,2023-09-14,2024-05-26
CUST00811,Customer 811,customer811@example.com,2024-01-12,2024-03-20
CUST00812,Customer 812,customer812@example.com,2024-10-24,2024-11-26
CUST00813,Customer 813,customer813@example.com,2023-01-08,2024-12-14
CUST00814,Customer 814,customer814@example.com,2023-10-16,2024-03-31
CUST00815,Customer 815,customer815@example.com,2023-08-05,2024-01-24
CUST00816,Customer 816,customer816@example.com,2024-04-14,2024-05-28
CUST00817,Customer 817,customer817@example.com,2023-01-19,2024-07-18
CUST00818,Customer 818,customer818@example.com,2023-11-21,2024-04-25
CUST00819,Customer 819,customer819@example.com,2023-06-29,2023-11-30
CUST00820,Customer 820,customer820@example.com,2023-05-08,2024-08-06
CUST00821,Customer 821,customer821@example.com,2023-10-11,2023-12-01
CUST00822,Customer 822,customer822@example.com,2024-01-06,2024-12-04
CUST00823,Customer 823,customer823@example.com,2023-04-26,2024-09-03
CUST00824,Customer 824,customer824@example.com,2023-08-26,2023-12-10
CUST00825,Customer 825,customer825@example.com,2023-04-19,2023-05-13
CUST00826,Customer 826,customer826@example.com,2023-03-09,2023-07-26
CUST00827,Customer 827,customer827@example.com,2023-02-18,2024-06-23
CUST00828,Customer 828,customer828@example.com,2024-12-23,2024-12-30
CUST00829,Customer 829,customer829@example.com,2023-06-03,2024-10-11
CUST00830,Customer 830,customer830@example.com,2023-07-13,2024-12-30
CUST00831,Customer 831,customer831@example.com,2024-01-19,2024-06-20
CUST00832,Customer 832,customer832@example.com,2024-12-01,2024-12-13
CUST00833,Customer 833,customer833@example.com,2024-07-04,2024-07-19
CUST00834,Customer 834,customer834@example.com,2023-03-03,2023-10-26
CUST00835,Customer 835,customer835@example.com,2024-06-05,2024-06-25
CUST00836,Customer 836,customer836@example.com,2023-11-13,2024-05-09
CUST00837,Customer 837,customer837@example.com,2023-10-25,2024-04-23
CUST00838,Customer 838,customer838@example.com,2023-04-08,2024-05-31
CUST00839,Customer 839,customer839@example.com,2023-01-18,2023-11-29
CUST00840,Customer 840,customer840@example.com,2023-06-22,2024-06-30
CUST00841,Customer 841,customer841@example.com,2024-03-15,2024-09-03
CUST00842,Customer 842,customer842@example.com,2023-01-23,2024-09-28
CUST00843,Customer 843,customer843@example.com,2023-06-18,2024-11-06
CUST00844,Customer 844,customer844@example.com,2023-02-23,2023-11-07
CUST00845,Customer 845,customer845@example.com,2024-07-30,2024-09-04
CUST00846,Customer 846,customer846@example.com,2024-12-08,2024-12-24
CUST00847,Customer 847,customer847@example.com,2024-07-04,2024-07-06
CUST00848,Customer 848,customer848@example.com,2023-01-09,2023-03-20
CUST00849,Customer 849,customer849@example.com,2023-07-06,2024-02-20
CUST00850,Customer 850,customer850@example.com,2024-05-07,2024-05-07
CUST00851,Customer 851,customer851@example.com,2024-08-20,2024-11-11
CUST00852,Customer 852,customer852@example.com,2024-06-16,2024-07-18
CUST00853,Customer 853,customer853@example.com,2023-01-09,2023-05-29
CUST00854,Customer 854,customer854@example.com,2023-06-22,2023-08-31
CUST00855,Customer 855,customer855@example.com,2024-04-05,2024-07-09
CUST00856,Customer 856,customer856@example.com,2024-11-24,2024-11-26
CUST00857,Customer 857,customer857@example.com,2024-02-13,2024-06-20
CUST00858,Customer 858,customer858@example.com,2024-02-14,2024-10-20
CUST00859,Customer 859,customer859@example.com,2023-10-10,2024-10-31
CUST00860,Customer 860,customer860@example.com,2023-05-25,2024-12-21
CUST00861,Customer 861,customer861@example.com,2024-09-05,2024-11-09
CUST00862,Customer 862,customer862@example.com,2024-10-09,2024-11-26
CUST00863,Customer 863,customer863@example.com,2023-04-20,2023-11-19
CUST00864,Customer 864,customer864@example.com,2024-04-20,2024-05-15
CUST00865,Customer 865,customer865@example.com,2023-08-05,2024-12-23
CUST00866,Customer 866,customer866@example.com,2024-05-13,2024-05-25
CUST00867,Customer 867,customer867@example.com,2024-05-17,2024-06-01
CUST00868,Customer 868,customer868@example.com,2024-02-15,2024-03-23
CUST00869,Customer 869,customer869@example.com,2023-08-06,2024-09-17
CUST00870,Customer 870,customer870@example.com,2023-09-20,2024-11-25
CUST00871,Customer 871,customer871@example.com,2024-09-22,2024-09-25
CUST00872,Customer 872,customer872@example.com,2024-06-18,2024-10-22
CUST00873,Customer 873,customer873@example.com,2024-10-23,2024-12-19
CUST00874,Customer 874,customer874@example.com,2024-04-03,2024-08-25
CUST00875,Customer 875,customer875@example.com,2024-12-06,2024-12-07
CUST00876,Customer 876,customer876@example.com,2023-01-25,2023-03-24
CUST00877,Customer 877,customer877@example.com,2024-04-27,2024-11-15
CUST00878,Customer 878,customer878@example.com,2023-08-11,2024-05-04
CUST00879,Customer 879,customer879@example.com,2024-10-17,2024-12-03
CUST00880,Customer 880,customer880@example.com,2024-08-21,2024-11-04
CUST00881,Customer 881,customer881@example.com,2023-07-17,2024-12-20
CUST00882,Customer 882,customer882@example.com,2024-04-27,2024-08-08
CUST00883,Customer 883,customer883@example.com,2024-11-30,2024-12-23
CUST00884,Customer 884,customer884@example.com,2024-10-31,2024-11-14
CUST00885,Customer 885,customer885@example.com,2023-09-24,2024-10-09
CUST00886,Customer 886,customer886@example.com,2023-12-25,2024-11-12
CUST00887,Customer 887,customer887@example.com,2023-02-22,2023-09-15
CUST00888,Customer 888,customer888@example.com,2023-01-25,2024-04-10
CUST00889,Customer 889,customer889@example.com,2024-03-05,2024-04-08
CUST00890,Customer 890,customer890@example.com,2024-08-14,2024-12-27
CUST00891,Customer 891,customer891@example.com,2024-10-26,2024-10-26
CUST00892,Customer 892,customer892@example.com,2024-01-01,2024-08-13
CUST00893,Customer 893,customer893@example.com,2023-01-28,2024-02-23
CUST00894,Customer 894,customer894@example.com,2024-01-23,2024-01-29
CUST00895,Customer 895,customer895@example.com,2024-07-14,2024-12-15
CUST00896,Customer 896,customer896@example.com,2024-10-07,2024-11-17
CUST00897,Customer 897,customer897@example.com,2023-07-05,2024-10-08
CUST00898,Customer 898,customer898@example.com,2023-12-16,2024-06-23
CUST00899,Customer 899,customer899@example.com,2023-02-06,2023-04-30
CUST00900,Customer 900,customer900@example.com,2023-02-08,2023-05-29
CUST00901,Customer 901,customer901@example.com,2024-02-15,2024-08-12
CUST00902,Customer 902,customer902@example.com,2024-12-18,2024-12-30
CUST00903,Customer 903,customer903@example.com,2024-10-10,2024-10-28
CUST00904,Customer 904,customer904@example.com,2024-11-14,2024-11-17
CUST00905,Customer 905,customer905@example.com,2023-03-09,2023-12-12
CUST00906,Customer 906,customer906@example.com,2024-10-22,2024-12-21
CUST00907,Customer 907,customer907@example.com,2024-07-19,2024-07-23
CUST00908,Customer 908,customer908@example.com,2023-08-20,2024-04-05
CUST00909,Customer 909,customer909@example.com,2024-10-28,2024-11-22
CUST00910,Customer 910,customer910@example.com,2024-06-01,2024-12-06
CUST00911,Customer 911,customer911@example.com,2023-02-28,2024-05-19
CUST00912,Customer 912,customer912@example.com,2024-07-05,2024-11-25
CUST00913,Customer 913,customer913@example.com,2024-07-10,2024-10-09
CUST00914,Customer 914,customer914@example.com,2023-05-22,2023-09-02
CUST00915,Customer 915,customer915@example.com,2024-12-09,2024-12-15
CUST00916,Customer 916,customer916@example.com,2024-11-26,2024-11-29
CUST00917,Customer 917,customer917@example.com,2024-07-27,2024-09-30
CUST00918,Customer 918,customer918@example.com,2024-12-26,2024-12-27
CUST00919,Customer 919,customer919@example.com,2023-02-07,2023-06-17
CUST00920,Customer 920,customer920@example.com,2024-10-07,2024-11-11
CUST00921,Customer 921,customer921@example.com,2024-11-21,2024-12-12
CUST00922,Customer 922,customer922@example.com,2024-04-19,2024-11-23
CUST00923,Customer 923,customer923@example.com,2024-12-15,2024-12-27
CUST00924,Customer 924,customer924@example.com,2023-08-25,2024-03-25
CUST00925,Customer 925,customer925@example.com,2024-04-22,2024-09-06
CUST00926,Customer 926,customer926@example.com,2023-10-04,2024-07-04
CUST00927,Customer 927,customer927@example.com,2023-11-12,2024-04-27
CUST00928,Customer 928,customer928@example.com,2024-10-31,2024-11-28
CUST00929,Customer 929,customer929@example.com,2023-07-11,2024-11-24
CUST00930,Customer 930,customer930@example.com,2024-05-29,2024-08-07
CUST00931,Customer 931,customer931@example.com,2023-04-28,2024-02-02
CUST00932,Customer 932,customer932@example.com,2024-12-18,2024-12-26
CUST00933,Customer 933,customer933@example.com,2024-11-02,2024-11-13
CUST00934,Customer 934,customer934@example.com,2024-12-19,2024-12-28
CUST00935,Customer 935,customer935@example.com,2024-05-01,2024-06-02
CUST00936,Customer 936,customer936@example.com,2024-02-15,2024-03-30
CUST00937,Customer 937,customer937@example.com,2024-01-16,2024-06-22
CUST00938,Customer 938,customer938@example.com,2024-09-18,2024-09-27
CUST00939,Customer 939,customer939@example.com,2024-02-12,2024-06-06
CUST00940,Customer 940,customer940@example.com,2023-06-29,2024-11-20
CUST00941,Customer 941,customer941@example.com,2024-10-16,2024-11-06
CUST00942,Customer 942,customer942@example.com,2023-05-03,2024-05-03
CUST00943,Customer 943,customer943@example.com,2023-03-11,2024-08-15
CUST00944,Customer 944,customer944@example.com,2023-07-01,2023-10-24
CUST00945,Customer 945,customer945@example.com,2024-04-25,2024-08-09
CUST00946,Customer 946,customer946@example.com,2023-10-08,2024-12-26
CUST00947,Customer 947,customer947@example.com,2024-05-23,2024-07-24
CUST00948,Customer 948,customer948@example.com,2023-11-17,2024-04-12
CUST00949,Customer 949,customer949@example.com,2024-04-11,2024-08-08
CUST00950,Customer 950,customer950@example.com,2024-01-24,2024-01-28
CUST00951,Customer 951,customer951@example.com,2023-09-26,2024-11-01
CUST00952,Customer 952,customer952@example.com,2023-02-10,2023-02-15
CUST00953,Customer 953,customer953@example.com,2023-06-18,2023-11-16
CUST00954,Customer 954,customer954@example.com,2023-02-04,2024-04-23
CUST00955,Customer 955,customer955@example.com,2024-05-07,2024-11-26
CUST00956,Customer 956,customer956@example.com,2023-03-25,2023-06-02
CUST00957,Customer 957,customer957@example.com,2023-11-02,2024-01-03
CUST00958,Customer 958,customer958@example.com,2024-09-16,2024-11-09
CUST00959,Customer 959,customer959@example.com,2024-07-13,2024-12-10
CUST00960,Customer 960,customer960@example.com,2024-12-18,2024-12-28
CUST00961,Customer 961,customer961@example.com,2024-08-12,2024-11-14
CUST00962,Customer 962,customer962@example.com,2024-06-21,2024-08-19
CUST00963,Customer 963,customer963@example.com,2024-02-18,2024-05-05
CUST00964,Customer 964,customer964@example.com,2023-03-23,2023-11-27
CUST00965,Customer 965,customer965@example.com,2023-09-16,2024-02-26
CUST00966,Customer 966,customer966@example.com,2023-05-26,2023-07-06
CUST00967,Customer 967,customer967@example.com,2024-06-15,2024-10-04
CUST00968,Customer 968,customer968@example.com,2023-07-31,2023-11-30
CUST00969,Customer 969,customer969@example.com,2023-08-26,2024-07-16
CUST00970,Customer 970,customer970@example.com,2023-10-31,2024-08-27
CUST00971,Customer 971,customer971@example.com,2023-06-08,2024-07-18
CUST00972,Customer 972,customer972@example.com,2023-09-26,2024-02-23
CUST00973,Customer 973,customer973@example.com,2023-06-24,2024-07-24
CUST00974,Customer 974,customer974@example.com,2024-06-25,2024-07-13
CUST00975,Customer 975,customer975@example.com,2024-04-04,2024-11-08
CUST00976,Customer 976,customer976@example.com,2024-11-12,2024-11-14
CUST00977,Customer 977,customer977@example.com,2023-01-12,2023-05-25
CUST00978,Customer 978,customer978@example.com,2023-12-06,2024-03-28
CUST00979,Customer 979,customer979@example.com,2023-07-26,2023-11-08
CUST00980,Customer 980,customer980@example.com,2024-07-23,2024-12-15
CUST00981,Customer 981,customer981@example.com,2024-10-31,2024-11-29
CUST00982,Customer 982,customer982@example.com,2024-05-13,2024-10-23
CUST00983,Customer 983,customer983@example.com,2023-03-25,2023-08-12
CUST00984,Customer 984,customer984@example.com,2023-02-24,2023-12-07
CUST00985,Customer 985,customer985@example.com,2024-08-22,2024-10-09
CUST00986,Customer 986,customer986@example.com,2023-03-05,2023-05-08
CUST00987,Customer 987,customer987@example.com,2023-10-03,2024-07-18
CUST00988,Customer 988,customer988@example.com,2023-02-14,2024-06-13
CUST00989,Customer 989,customer989@example.com,2023-01-24,2024-12-16
CUST00990,Customer 990,customer990@example.com,2024-11-02,2024-11-09
CUST00991,Customer 991,customer991@example.com,2024-03-22,2024-05-14
CUST00992,Customer 992,customer992@example.com,2024-07-28,2024-08-10
CUST00993,Customer 993,customer993@example.com,2024-12-27,2024-12-28
CUST00994,Customer 994,customer994@example.com,2024-12-07,2024-12-20
CUST00995,Customer 995,customer995@example.com,2024-02-02,2024-09-21
CUST00996,Customer 996,customer996@example.com,2023-11-15,2024-03-25
CUST00997,Customer 997,customer997@example.com,2023-04-05,2024-06-29
CUST00998,Customer 998,customer998@example.com,2024-08-11,2024-12-30
CUST00999,Customer 999,customer999@example.com,2023-12-07,2024-11-26
CUST01000,Customer 1000,customer1000@example.com,2024-10-30,2024-12-09
